DROP DATABASE IF EXISTS problemario;
CREATE DATABASE problemario;
USE problemario;

-- phpMyAdmin SQL Dump
-- version 4.7.0
-- https://www.phpmyadmin.net/
--
-- Servidor: 127.0.0.1
-- Tiempo de generación: 28-10-2021 a las 18:51:46
-- Versión del servidor: 5.7.17
-- Versión de PHP: 7.1.3

SET SQL_MODE = "NO_AUTO_VALUE_ON_ZERO";
SET AUTOCOMMIT = 0;
START TRANSACTION;
SET time_zone = "+00:00";


/*!40101 SET @OLD_CHARACTER_SET_CLIENT=@@CHARACTER_SET_CLIENT */;
/*!40101 SET @OLD_CHARACTER_SET_RESULTS=@@CHARACTER_SET_RESULTS */;
/*!40101 SET @OLD_COLLATION_CONNECTION=@@COLLATION_CONNECTION */;
/*!40101 SET NAMES utf8mb4 */;

--
-- Base de datos: `problemario`
--

-- --------------------------------------------------------

--
-- Estructura de tabla para la tabla `problemas`
--

CREATE TABLE `problemas` (
  `id` int(11) NOT NULL,
  `alias` varchar(32) NOT NULL,
  `nombre` text NOT NULL,
  `tema` int(11) NOT NULL,
  `orden` int(11) NOT NULL DEFAULT '0'
) ENGINE=InnoDB DEFAULT CHARSET=utf8;

--
-- Volcado de datos para la tabla `problemas`
--

INSERT INTO `problemas` (`id`, `alias`, `nombre`, `tema`, `orden`) VALUES
(1, 'O-todos-o-ninguno', 'O todos o ninguno', 12, 3),
(2, 'Premiando-a-los-consumidores', 'Premiando a los consumidores', 19, 2),
(3, 'La-pila-cola', 'La pila-cola', 17, 6),
(4, 'Sumatoria-de-sumatorias-duplicad', 'Sumatoria de sumatorias', 52, 0),
(5, 'La-moneda-perdida-de-Karel', 'La moneda perdida de Karel', 52, 1),
(6, 'Ordenando-por-la-parte-decimal', 'Ordenando por la parte decimal', 14, 16),
(7, 'Mintiendo-sobre-las-cifras-de-', 'Mintiendo sobre las cifras de π', 4, 10),
(8, 'puertecillas', 'Las puertecillas del jardín', 4, 11),
(9, 'Modificando-secuencias-recursiv2', 'Modificando secuencias recursivamente (la revancha)', 13, 12),
(10, 'Leyendo-archivos-fragmentados-co', 'Leyendo archivos fragmentados con poca memoria', 28, 1),
(11, 'angulos-2a-ccp', 'Ángulos', 52, 2),
(12, 'Contando-los-hoteles-de-la-ciuda', 'Contando los hoteles de la ciudad', 12, 4),
(13, 'Multiplicando-enteros-usando-ope', 'Multiplicando enteros usando operaciones más básicas', 13, 5),
(14, 'Removiendo-archivos-duplicados', 'Removiendo archivos duplicados', 52, 3),
(15, 'Pasajeros-de-Bus', 'Pasajeros de Bus', 52, 4),
(16, 'Maximo-de-matrices-por-columnas', 'Máximo de matrices por columnas', 23, 1),
(17, 'Sumando-enteros-por-paridad', 'Sumando enteros por paridad', 12, 2),
(18, 'investigacion_espacial', 'Investigación Espacial Especial', 52, 5),
(19, '2da-ccp-terreno', 'Buscando el terreno ideal', 8, 6),
(20, '2da-ccp-serpientes-escaleras', 'Serpientes y escaleras en solitario', 41, 5),
(21, 'Uniendo-puntos-con-segmentos-cor', 'Uniendo puntos con segmentos cortos', 4, 17),
(22, 'baloncesto', 'Baloncesto', 52, 6),
(23, 'El-espejismo-de-la-mayoria', 'El espejismo de la mayoría', 52, 7),
(24, 'Sobreescribiendo-cadenas-de-long', 'Sobreescribiendo cadenas de longitud variable', 33, 1),
(25, 'Operaciones-triviales-sobre-un-a', 'Operaciones triviales sobre un arreglo', 14, 0),
(26, 'Componentes-conexas-de-una-grafi', 'Componentes conexas de una gráfica no dirigida', 21, 4),
(27, 'El-desfile-de-perritos-alternati', 'El desfile de perritos (alternativo)', 20, 6),
(28, 'El-desfile-de-perritos', 'El desfile de perritos (original)', 14, 13),
(29, 'Formados-para-comer', 'Formados para comer', 17, 8),
(30, 'Los-corazones-de-pintura-roja', 'Los corazones de pintura roja', 21, 1),
(31, 'Compresion-de-cadenas-facil', 'Compresión de cadenas (fácil)', 32, 0),
(32, 'Listas-enlazadas-y-dobles-colas', 'Listas enlazadas y dobles colas', 18, 7),
(33, 'El-ataque-de-las-cartas', 'El ataque de las cartas', 19, 1),
(34, 'Ordenando-por-cantidad-de-cifras', 'Ordenando por cantidad de cifras', 14, 14),
(35, 'Area-de-una-elipse', 'Área de una elipse', 3, 19),
(36, 'Busqueda-simple-sobre-un-archivo', 'Búsqueda simple sobre un archivo', 30, 0),
(37, 'areaNcirculos', 'Área de N círculos', 5, 8),
(38, 'Subiendo-y-bajando-por-las-ramas', 'Subiendo y bajando por las ramas del árbol loco', 20, 8),
(39, 'asientos-jurado', 'Los asientos del jurado', 3, 22),
(40, 'Ordenando-los-dos-grupos-de-un-a', 'Ordenando los dos grupos de un archivo', 29, 0),
(41, 'Invirtiendo-los-enteros-de-un-ar', 'Invirtiendo los enteros de un archivo', 27, 1),
(42, 'Modificando-secuencias-recursiva', 'Modificando secuencias recursivamente', 13, 11),
(43, 'Paquetes-vacunas', 'Paquetes de vacunas', 4, 9),
(44, 'Inversiones-recursivas', 'Inversiones recursivas', 13, 10),
(45, 'Busqueda-de-naturales-sucesivos-', 'Búsqueda de naturales sucesivos en subsecuencia', 5, 14),
(46, 'Maximo-de-enteros-sin-formato', 'Máximo de enteros sin formato', 25, 0),
(47, 'Busqueda-muy-eficiente-de-elemen', 'Búsqueda muy eficiente de elementos', 24, 1),
(48, 'Sumas-sobre-arreglos-completos', 'Sumas sobre arreglos completos', 12, 1),
(49, 'Las-invitaciones-al-juego-de-cro', 'Las invitaciones al juego de croquet', 15, 12),
(50, 'Cadena-de-maxima-frecuencia', 'Cadena de máxima frecuencia', 24, 0),
(51, 'El-jurado-de-la-corte-de-la-Rein', 'El jurado de la corte de la Reina Roja', 13, 4),
(52, 'Operaciones-sobre-arreglos-gigan', 'Operaciones sobre arreglos gigantes', 23, 0),
(53, 'El-par-de-guantes-del-Conejo-Bla', 'El par de guantes del Conejo Blanco', 14, 7),
(54, 'La-cancion-de-la-sopa-de-tortuga', 'La canción de la sopa de tortuga', 13, 7),
(55, 'La-senora-de-los-tamales', 'La señora de los tamales', 17, 7),
(56, 'Encuestando-a-la-gente-de-la-col', 'Encuestando a la gente de la cola', 20, 4),
(57, 'Una-lista-inmensa-de-sumas-y-res', 'Una lista inmensa de sumas y restas', 10, 0),
(58, 'La-visita-al-Sombrerero-y-a-la-L', 'La visita al Sombrerero y a la Liebre', 21, 8),
(59, 'Comparando-calificaciones', 'Comparando calificaciones', 6, 7),
(60, 'Analizando-y-transformando-una-c', 'Analizando y transformando una cadena', 8, 7),
(61, 'Unicornio', 'Unicornio', 8, 8),
(62, 'Jabberwocky', 'Jabberwocky', 8, 2),
(63, 'Pilas-y-colas', 'Pilas y colas', 17, 0),
(64, 'Los-soldados-culpables-de-nada', 'Los soldados culpables de nada', 20, 0),
(65, 'Las-flores-multicolores-del-jard', 'Las flores multicolores del jardín', 7, 9),
(66, 'Los-brotes-de-rosas-blancas', 'Los brotes de rosas blancas', 20, 5),
(67, 'Mosaicos-de-caracteres', 'Mosaicos de caracteres', 5, 9),
(68, 'El-cuello-de-Alicia-y-los-nidos-', 'El cuello de Alicia y los nidos de palomas', 6, 19),
(69, 'Los-erizos-de-la-practica-de-cro', 'Los erizos de la práctica de croquet', 17, 9),
(70, 'Encuentra-el-numero-capicua', 'Encuentra el número capicúa', 8, 24),
(71, 'Una-funcion-de-suma-triangular', 'Una función de suma triangular', 5, 15),
(72, 'Ordenando-por-el-valor-de-la-pot', 'Ordenando por el valor de la potencia', 14, 15),
(73, 'Ordenando-por-distancia-al-orige', 'Ordenando por distancia al origen', 14, 17),
(74, 'Ordenando-por-magnitud', 'Ordenando por magnitud', 14, 18),
(75, 'El-baile-alrededor-de-Alicia', 'El baile alrededor de Alicia', 5, 23),
(76, 'Los-flamencos-de-la-Reina-Roja', 'Los flamencos de la Reina Roja', 16, 1),
(77, 'Aprobado-o-reprobado', 'Aprobado o reprobado', 4, 3),
(78, 'La-huida-de-los-jardineros-respo', 'La huída de los jardineros responsables', 19, 0),
(79, 'Ordenando-de-forma-ascendente-y-', 'Ordenando de forma ascendente y descendente', 14, 6),
(80, 'Fila-Sana', 'Fila Sana', 4, 16),
(81, 'Los-asientos-en-la-loca-mesa-del', 'Los asientos de la loca mesa del té', 4, 37),
(82, 'Las-rosas-del-jardin-de-la-Reina', 'Las rosas del jardín de la Reina Roja', 15, 7),
(83, 'Sumando-intervalos-de-enteros', 'Sumando intervalos de enteros', 12, 7),
(84, 'Una-formula-con-muchas-divisione', 'Una fórmula con muchas divisiones', 3, 7),
(85, 'Busqueda-binaria-p', 'Búsqueda binaria', 15, 0),
(86, 'La-cuadrilla-de-langostas', 'La cuadrilla de langostas', 13, 8),
(87, 'La-premiacion-de-la-carrera-loca', 'La premiación de la carrera loca', 10, 3),
(88, 'Las-tartas-de-la-reina-roja', 'Las tartas horneadas de la Reina Roja', 3, 12),
(89, 'Los-animales-doblemente-mojados', 'Los animales doblemente mojados', 12, 10),
(90, 'Minimo-y-Maximo-en-un-Intervalo', 'Mínimo y máximo en un intervalo', 51, 8),
(91, 'Una-recurrencia-con-dominio-real', 'Una recurrencia con dominio real', 39, 5),
(92, 'Recurrencia-con-dominio-positivo', 'Recurrencia con dominio positivo y negativo', 39, 6),
(93, 'Dos-recurrencias-mutuas', 'Dos recurrencias mutuas', 39, 8),
(94, 'Una-recurrencia-sencilla', 'Una recurrencia sencilla', 39, 7),
(95, 'Contando-secuencias-crecientes', 'Contando secuencias crecientes', 38, 1),
(96, 'Una-recurrencia-y-la-altura-de-s', 'Una recurrencia y la altura de su árbol recursivo', 36, 4),
(97, 'Analizando-quicksort', 'Analizando quicksort', 36, 2),
(98, 'Vector-dominante', 'Vector dominante', 6, 12),
(99, 'Filtrando-multiplos', 'Filtrando múltiplos', 6, 11),
(100, 'Producto-punto-de-dos-vectores', 'Producto punto de dos vectores', 6, 14),
(101, 'Dibujando-un-tache', 'Dibujando un tache', 5, 17),
(102, 'El-perrito-que-quiere-un-hueso', 'El perrito que quiere un hueso', 4, 14),
(103, 'Evaluando-una-formula-gigante', 'Evaluando una fórmula gigante', 3, 6),
(104, 'Anyos-con-dos-y-cuatro-digitos', 'Años con dos y cuatro dígitos', 10, 1),
(105, 'Coincidencias-de-una-cadena-con-', 'Coincidencias de una cadena con su reverso', 8, 4),
(106, 'Caminos-en-la-rejilla-entera', 'Caminos en la rejilla entera', 39, 9),
(107, 'Sumando-elementos-opuestos-de-un', 'Sumando elementos opuestos de un arreglo', 6, 13),
(108, 'El-problema-de-la-mochila-c', 'El problema de la mochila (version continua)', 43, 0),
(109, 'El-problema-de-la-mochila-d', 'El problema de la mochila (version discreta)', 40, 1),
(110, 'Matrices-concentricas', 'Matrices concéntricas', 7, 5),
(111, 'El-edificio-de-los-vecinos-curio', 'El edificio de los vecinos desinformados', 21, 7),
(112, 'Multiplicacion-encadenada-de-mat', 'Multiplicación encadenada de matrices', 40, 2),
(113, 'La-fabrica-de-panquecitos', 'La fábrica de panquecitos', 40, 3),
(114, 'Practicando-ciclos', 'Practicando ciclos', 5, 12),
(115, 'Las-bitacoras-de-la-sana-distanc', 'Las bitácoras de la sana distancia', 17, 4),
(116, 'Minimo-comun-multiplo-de-varios-', 'Mínimo común múltiplo de varios enteros', 5, 13),
(117, 'Recursion-con-memorizacion', 'Recursión con memorización', 39, 10),
(118, 'Suma-de-subconjuntos', 'Suma de subconjuntos', 40, 0),
(119, 'Sumando-combinaciones-de-enteros', 'Sumando combinaciones de enteros', 38, 0),
(120, 'Antipalindromos-formados-por-dig', 'Antipalíndromos formados por dígitos', 38, 2),
(121, 'La-recurrencia-de-un-algoritmo-h', 'La recurrencia de un algoritmo híbrido', 36, 3),
(122, 'Cadenas-binarias-con-unos-separa', 'Cadenas binarias con unos separados', 37, 6),
(123, 'Toma-de-decisiones', 'Toma de decisiones', 4, 13),
(124, 'Informando-a-los-desinformados', 'Informando a los desinformados', 14, 11),
(125, 'Cadenas-binarias-con-pocos-digit', 'Cadenas binarias con pocos dígitos iguales consecutivos', 37, 7),
(126, 'Interseccion-de-intervalos', 'Intersección de intervalos', 4, 12),
(127, 'Informados-de-las-medidas-de-hig', 'Informados de las medidas de higiene', 15, 3),
(128, 'Porque-podemos-programar', 'Porque podemos programar', 3, 5),
(129, 'Resolviendo-una-recurrencia-relo', 'Resolviendo una recurrencia (reloaded)', 35, 4),
(130, 'Recurriendo-a-la-distancia', 'Recurriendo a la sana distancia', 13, 3),
(131, 'Resolviendo-una-recurrencia-la-r', 'Resolviendo una recurrencia (la revancha)', 35, 5),
(132, 'Resolviendo-una-recurrencia', 'Resolviendo una recurrencia', 35, 3),
(133, 'Nombres-y-apellidos-sanos', 'Nombres y apellidos sanos', 10, 2),
(134, 'Promoviendo-la-sana-distancia', 'Promoviendo la sana distancia', 6, 15),
(135, 'Formados-con-sana-distancia', 'Formados con sana distancia', 12, 12),
(136, 'Entrando-al-supermercado', 'Entrando al supermercado', 5, 16),
(137, 'Sana-o-insana-distancia', 'Sana o insana distancia', 4, 7),
(138, 'Pagando-los-platos-rotos', 'Pagando los platos rotos', 7, 6),
(139, 'El-golfista-vidente', 'El golfista vidente', 51, 12),
(140, 'pareto', 'Óptimos de Pareto', 52, 10),
(141, 'Leer-Libros', 'Leer libros', 52, 11),
(142, '1er-ccp-tapete', 'El juego del mini-Twister', 7, 4),
(143, 'Cara-o-Escudo', 'Cara o escudo', 52, 12),
(144, 'Islotes', 'Islotes', 52, 13),
(145, '1er-ccp-lava', 'Saltando entre lava', 41, 7),
(146, '1er-ccp-bloques', 'Bloques cayendo', 8, 30),
(147, '1er-ccp-abues', 'El legado más grande', 8, 9),
(148, 'Visitando-una-lista-con-modifica', 'Visitando una lista con modificaciones', 18, 6),
(149, 'Mayor-menor', 'Mayor y menor', 4, 2),
(150, 'Procesando-calificaciones-de-alu', 'Procesando calificaciones de alumnos', 16, 2),
(151, 'Alejando-la-bomba-en-la-grafica', 'Alejando la bomba en la gráfica', 51, 10),
(152, 'Qbert', 'Q*bert', 41, 9),
(153, 'Bajando-por-el-arbol', 'Bajando por el árbol', 40, 4),
(154, 'Camino-mas-corto-con-cupones', 'Camino más corto con cupones', 21, 13),
(155, 'Paisajes-de-la-ciudad', 'Paisajes de la ciudad', 51, 0),
(156, 'Relaciones-de-conjuntos', 'Relaciones de conjuntos', 14, 22),
(157, 'Timbiriche', 'Timbiriche', 7, 19),
(158, 'Carritos-chocones', 'Carritos chocones', 5, 48),
(159, 'El-primer-juego-del-parque', 'El primer juego del parque', 5, 46),
(160, 'Sumando-todos-los-subarreglos', 'Sumando todos los subarreglos', 12, 5),
(161, 'Subarreglo-de-suma-maxima', 'Subarreglo de suma máxima', 35, 0),
(162, 'Suma-de-intervalos-con-modificac', 'Suma de intervalos con modificaciones', 51, 2),
(163, 'Incrementando-intervalos-con-con', 'Incrementando intervalos con consultas', 51, 1),
(164, 'Cuenta-de-valores-menores-en-int', 'Cuenta de valores menores en intervalos', 51, 7),
(165, 'El-k-esimo-entero-de-un-archivo', 'El k-ésimo entero de un archivo', 27, 0),
(166, 'Calculo-de-sumatoria', 'Cálculo de sumatoria', 12, 0),
(167, 'Invirtiendo-segmentos-de-una-mat', 'Invirtiendo segmentos de una matriz', 23, 2),
(168, 'Nodos-alcanzables', 'Nodos alcanzables', 18, 1),
(169, 'Sumando-con-pilas', 'Sumando con pilas', 17, 5),
(170, 'Calculo-de-la-mediana', 'Cálculo de la mediana', 14, 2),
(171, 'Simulando-Age-of-Empires', 'Simulando Age of Empires', 19, 3),
(172, 'Evaluando-una-funcion-algo-rara', 'Evaluando una función algo rara', 39, 4),
(173, 'Listas-enlazadas', 'Listas enlazadas', 18, 2),
(174, 'Subsecuencia-comun-mas-larga', 'Subsecuencia común más larga', 40, 12),
(175, 'Orden-raro-por-divisores', 'Orden raro por divisores', 14, 19),
(176, 'Evaluando-una-funcion', 'Evaluando una función', 39, 3),
(177, 'suma-muchos-p', 'Suma de muchos primos', 5, 35),
(178, 'Dobles-colas', 'Dobles colas', 17, 12),
(179, 'tablas-multiplos', 'Tablas de múltiplos', 5, 11),
(180, 'placas-bici', 'Placas de bicicletas', 5, 32),
(181, 'triang-acut', 'Triángulos acutángulos', 5, 40),
(182, 'Los-triangulos-original', 'Los triángulos (original)', 5, 39),
(183, 'dia-semana', 'Día de la semana', 4, 19),
(184, 'recta-in-recta', 'Rectángulos dentro de rectángulos', 4, 23),
(185, 'inter-segmentos', 'Intersección de segmentos', 4, 29),
(186, 'fContinuas', 'Fracciones continuas', 5, 21),
(187, 'Disparejas', 'Parejas disparejas', 5, 20),
(188, 'Cadenas-de-primos', 'Cadenas de primos', 38, 5),
(189, 'Coeficiente-binomial-recursivo', 'Coeficiente binomial recursivo', 36, 5),
(190, 'Palindromos-sin-ceros-consecutiv', 'Palíndromos sin ceros consecutivos', 37, 8),
(191, 'El-agente-viajero', 'El agente viajero', 38, 10),
(192, 'Cadenas-viborita', 'Cadenas viborita', 38, 3),
(193, 'Subiendo-la-bomba-por-la-colina', 'Subiendo la bomba por la colina', 43, 5),
(194, 'Alejando-la-bomba-del-origen', 'Alejando la bomba del origen', 44, 1),
(195, 'Exponenciacion-con-multiplicacio', 'Exponenciación con multiplicaciones y divisiones', 41, 3),
(196, 'Subcadena-comun-mas-larga', 'Subcadena común más larga', 31, 4),
(197, 'Subsecuencia-comun-mas-larga-con', 'Subsecuencia común más larga con poca memoria', 51, 11),
(198, 'Reproduccion-de-bichos', 'Reproducción de bichos', 13, 6),
(199, 'Incrementando-intervalos', 'Incrementando intervalos', 12, 11),
(200, 'Ignorando-los-ultimos-elementos', 'Ignorando los últimos elementos', 6, 1),
(201, 'Elevando-al-cuadrado-UAM', 'Elevando al cuadrado', 5, 6),
(202, 'Secuencias-simetricas', 'Secuencias simétricas', 4, 4),
(203, 'Clausura-de-carreteras', 'Clausura de carreteras', 21, 14),
(204, 'Clave-de-usuario', 'Clave de usuario', 8, 5),
(205, 'Uniendo-globos', 'Uniendo globos', 18, 0),
(206, 'Union-pertenencia', 'Unión-pertenencia', 21, 5),
(207, 'Suma-Impares', 'Suma Impares', 5, 3),
(208, 'Reubicando-elementos-de-una-list', 'Reubicando elementos de una lista', 18, 5),
(209, 'Incrementando-las-ocurrencias-de', 'Incrementando las ocurrencias del máximo de un intervalo', 51, 9),
(210, 'Un-orden-para-todos', 'Un orden para todos', 51, 4),
(211, 'Recolectando-tesoros', 'Recolectando tesoros', 40, 13),
(212, 'El-recorrido-del-rey-borracho', 'El recorrido del rey borracho', 38, 9),
(213, 'Suma-de-intervalos-con-poca-memo', 'Suma de intervalos con poca memoria', 26, 0),
(214, 'Reverso-de-numeros-parecidos', 'Reverso de números parecidos', 32, 1),
(215, 'Que-cursos-puedo-inscribir', '¿Qué cursos puedo inscribir?', 21, 15),
(216, 'Omitiendo-la-interseccion', 'Omitiendo la intersección', 14, 21),
(217, 'Uniendo-puntos', 'Uniendo puntos', 5, 24),
(218, 'Super-UAMKid-Run', 'Super UAMKid Run', 8, 11),
(219, 'Promedios-en-intervalos', 'Promedios en intervalos', 15, 8),
(220, 'Modificando-secuencias-a-lo-loco', 'Modificando secuencias a lo loco', 6, 25),
(221, 'Calificaciones-recursivas', 'Calificaciones recursivas', 13, 13),
(222, 'Un-proceso-iterativo-sencillo', 'Un proceso iterativo sencillo', 5, 0),
(223, 'Ignorando-los-primeros-elementos', 'Ignorando los primeros elementos', 6, 0),
(224, 'Cuantos-valen-7', '¿Cuántos valen 7?', 4, 1),
(225, 'Suma-de-intervalos', 'Suma de intervalos', 12, 6),
(226, 'Consultando-Registros', 'Consultando registros', 9, 0),
(227, 'Contando-los-enteros-de-la-linea', 'Contando los enteros de la línea', 10, 6),
(228, 'Girando-vector', 'Girando un vector', 6, 8),
(229, 'Omitiendo-el-entero-mas-grande', 'Omitiendo el entero más grande', 6, 18),
(230, 'Secuencias-iguales', 'Secuencias iguales', 6, 3),
(231, 'Saltando-por-el-arreglo-reloaded', 'Saltando por el arreglo (reloaded)', 6, 24),
(232, 'El-problema-3n1', 'El problema 3n+1', 5, 28),
(233, 'Dibujando-un-triangulo', 'Dibujando un triángulo', 5, 33),
(234, 'La-secuencia-infinita', 'La secuencia infinita', 5, 37),
(235, 'Ordenando-las-letras-de-la-linea', 'Ordenando las letras de la línea', 8, 13),
(236, 'Sumatoria-de-sumatorias', 'Una sumatoria muy extraña', 5, 27),
(237, 'Saltando-por-el-arreglo', 'Saltando por el arreglo', 6, 17),
(238, 'Modificando-un-arreglo', 'Modificando un arreglo', 6, 10),
(239, 'Ordenando-columnas', 'Ordenando columnas', 7, 10),
(240, 'La-moda-y-sus-signos', 'La moda y sus signos', 6, 20),
(241, 'Acotando-la-sumatoria', 'Acotando la sumatoria', 5, 25),
(242, 'Jugando-a-las-cartas', 'Jugando a las cartas', 5, 44),
(243, 'Calculos-iterativos', 'Cálculos iterativos', 5, 26),
(244, 'Narrando-la-carrera-de-caballos', 'Narrando la carrera de caballos', 5, 43),
(245, 'El-k-esimo-numero-primo', 'El k-ésimo número primo', 5, 34),
(246, 'Jugando-a-los-dardos', 'Jugando a los dardos', 4, 26),
(247, 'El-lado-mas-corto', 'El lado más corto', 4, 34),
(248, 'Cuantos-dias-tiene-febrero', '¿Cuántos días tiene febrero?', 4, 20),
(249, 'Ordenando-numeros', 'Ordenando números', 4, 33),
(250, 'El-mini-juego-de-la-vida', 'El mini juego de la vida', 4, 25),
(251, 'El-tablero-en-forma-de-dona', 'El tablero en forma de dona', 3, 18),
(252, 'Calculando-con-masmenos', 'Calculando con más/menos', 4, 27),
(253, 'Sonando-con-numeros-escalera', 'Soñando con números escalera', 4, 36),
(254, 'Calculos-condicionales', 'Cálculos condicionales', 4, 15),
(255, 'Escamitas', 'Escamitas', 4, 8),
(256, 'Los-tacos-de-Juan', 'Los tacos de Juan', 3, 9),
(257, 'La-banda-robatamales', 'La banda robatamales', 3, 10),
(258, 'Sistemas-de-ecuaciones-1sol', 'Sistemas de ecuaciones con una solución', 3, 20),
(259, 'La-hora-en-un-planeta-lejado', 'La hora en un planeta lejano', 3, 17),
(260, 'Evaluando-formulas-en-sucesion', 'Evaluando fórmulas en sucesión', 3, 4),
(261, 'Calculos-mentales-competitivos', 'Cálculos mentales competitivos', 3, 3),
(262, 'Programando-formulas', 'Programando fórmulas raras', 3, 2),
(263, 'Ahorros', 'Ahorros', 4, 38),
(264, 'Cortando-el-Cesped-', 'Cortando el Césped ', 7, 16),
(265, 'Cuadernos', 'Cuadernos', 5, 38),
(266, 'De-los-extremos-al-centro-v2', 'De los extremos al centro', 27, 2),
(267, 'Monedas-volteadas-en-intervalos', 'Monedas volteadas en intervalos', 43, 4),
(268, 'Insercion-y-borrado-de-registro', 'Inserción y borrado de registros', 33, 2),
(269, 'Vaciar-vasos-de-precipitados', 'Vaciar vasos de precipitados', 41, 8),
(270, 'Busqueda-sobre-un-archivo-v2', 'Búsqueda sobre un archivo', 30, 1),
(271, '3-SAT', '3-SAT', 44, 0),
(272, 'Voltea-monedas-consecutivas', 'Voltea monedas consecutivas', 43, 3),
(273, 'Divulgando-las-noticias', 'Divulgando las noticias', 21, 3),
(274, 'La-venganza-de-la-funcion-loca', 'La venganza de la función loca', 39, 2),
(275, 'El-ladron-precavido', 'El ladrón precavido', 40, 11),
(276, 'Creacion-de-concursos-de-program', 'Creación de concursos de programación', 43, 7),
(277, 'Palindromos-uva', 'Palíndromos', 40, 14),
(278, 'Ordenando-archivos-v2', 'Ordenando archivos', 29, 2),
(279, 'El-recorrido-del-principe', 'El recorrido del príncipe', 38, 8),
(280, 'Suma-de-digitos', 'Suma de dígitos', 37, 5),
(281, 'La-funcion-loca', 'La función loca', 39, 1),
(282, 'Transporte', 'Transporte', 38, 13),
(283, 'Permutaciones-divisibles', 'Permutaciones divisibles', 38, 4),
(284, 'El-problema-de-las-N-princesas', 'El problema de las N princesas', 38, 6),
(285, 'Cadenas-de-digitos-sin-ceros-con', 'Cadenas de dígitos sin ceros consecutivos', 37, 4),
(286, 'Sin-ceros-consecutivos', 'Cadenas binarias sin ceros consecutivos', 37, 3),
(287, 'Analizando-merge-sort', 'Analizando merge-sort', 36, 1),
(288, 'Transiciones-en-cadenas-binarias', 'Transiciones en cadenas binarias', 37, 1),
(289, 'Fibonacci-recursivo', 'Fibonacci recursivo', 36, 0),
(290, 'Coloreando-cuadritos', 'Coloreando cuadritos', 37, 11),
(291, 'Llenando-un-tablero-con-fichas', 'Llenando un tablero con fichas', 37, 2),
(292, 'Con-pocos-ceros-consecutivos', 'Con pocos ceros consecutivos', 37, 0),
(293, 'Buscando-cadenas-con-poca-memori', 'Memorizando cadenas con poca memoria', 24, 3),
(294, 'Partiendo-cadenas', 'Partiendo cadenas', 31, 3),
(295, 'Buscaminas-', 'Buscaminas-', 7, 8),
(296, 'Centro-vector', 'Centro de un vector', 6, 16),
(297, 'Algoritmo-de-Gauss', 'Un algoritmo de Gauss poco conocido', 4, 18),
(298, 'Conversion-temperaturas', 'Conversión de temperaturas', 3, 0),
(299, 'Calendario-cuenta-larga', 'El calendario de la cuenta larga', 3, 14),
(300, 'Unidades-britanicas-de-volumen', 'Unidades británicas de volumen', 3, 16),
(301, 'Optimizacion-continua', 'Optimización continua', 46, 3),
(302, 'Maquina-descompuesta', 'Máquina descompuesta', 8, 10),
(303, 'Inversiones-e-intercalaciones', 'Inversiones e intercalaciones', 8, 17),
(304, 'Interprete-programacion', 'Intérprete de un lenguaje de programación', 20, 7),
(305, 'Consonantes-y-vocales', 'Consonantes y vocales', 8, 0),
(306, 'Normalizacion-de-datos', 'Normalización de datos', 46, 2),
(307, 'Matrices-giradas', 'Matrices giradas', 7, 3),
(308, 'Matriz-serpentina', 'Matriz serpentina', 7, 13),
(309, 'Suma-De-Potencias-original', 'Suma De Potencias (original)', 5, 22),
(310, 'Automatas-celulares', 'Autómatas celulares', 46, 1),
(311, 'britanicas-longitud', 'Unidades británicas de longitud', 3, 15),
(312, 'El-juego-de-la-silla', 'El juego de la silla', 15, 2),
(313, 'Primos-fractales', 'Primos fractales', 13, 9),
(314, 'Fahrenheit-a-Centigrados', 'Fahrenheit a Centigrados (agua fría y caliente)', 4, 0),
(315, 'Biseccion-de-un-poligono', 'Bisección de un polígono', 46, 0),
(316, 'Busqueda-patrones-dispersion', 'Búsqueda de patrones con dispersión', 24, 4),
(317, 'Suma-de-primos', 'Suma de primos', 5, 42),
(318, 'Pitagoricas', 'El problema de Pitágoras', 5, 41),
(319, 'Introduccion-a-OmegaUp', 'Introducción a OmegaUp', 2, 0),
(320, 'El-Caracol', 'El Caracol', 5, 19),
(321, 'Invirtiendo-palabras', 'Invirtiendo palabras', 8, 3),
(322, 'Ordenando-numeros-con-pilas', 'Ordenando números con pilas', 51, 3),
(323, 'Fotografiando-al-fantasma', 'Fotografiando al fantasma', 40, 10),
(324, 'Atrapando-al-ladron', 'Atrapando al ladrón', 21, 11),
(325, '2018_1_Cuadraticas', '2018_1 Cuadraticas', 52, 8),
(326, 'Cambio-de-nombres', 'Cambio de nombres', 15, 13),
(327, 'Muletillas-de-robots', 'Muletillas de robots', 14, 12),
(328, 'Numeros-en-media-espiral', 'Números en media espiral', 5, 47),
(329, 'A-pares-y-nones', 'A pares y nones', 5, 10),
(330, 'Puntos-colineales', 'Puntos colineales', 4, 35),
(331, 'Detectando-el-orden', 'Detectando el orden', 4, 6),
(332, 'swap-min-sort', 'Intercambios mínimos para ordenar', 14, 20),
(333, 'Recorridos-amplitud-profundidad', 'Recorridos en amplitud y en profundidad', 21, 2),
(334, 'Ayudando-al-agente-viajero', 'Ayudando al agente viajero', 42, 0),
(335, 'Invirtiendo-aristas', 'Invirtiendo aristas', 21, 0),
(336, 'Arboles-binarios-sin-balancear', 'Árboles binarios sin balancear', 20, 2),
(337, 'Los-cuadrados-semimagicos', 'Los cuadrados semimágicos', 7, 7),
(338, 'Forzando-la-caja-fuerte', 'Forzando la caja fuerte', 6, 9),
(339, 'Calculando-el-logaritmo-base-2', 'Calculando el logaritmo base 2', 5, 5),
(340, 'Una-serie-poco-interesante', 'Una serie poco interesante', 4, 24),
(341, 'De-una-lista-a-otra', 'De una lista a otra', 18, 4),
(342, 'banco-clientes-no-preferentes', 'Un banco con clientes no preferentes', 17, 13),
(343, 'Hablando-entre-robots', 'Hablando entre robots', 15, 11),
(344, 'El-rectangulo-de-domino', 'El rectángulo de dominó', 39, 0),
(345, 'Cardinalidad-de-un-conjunto', 'Cardinalidad de un conjunto', 12, 8),
(346, 'Intercambios-minimos', 'Intercambios mínimos', 4, 28),
(347, 'Divide-y-sumaras', 'Divide y sumarás', 5, 4),
(348, 'Buscar-y-contar', 'Buscar y contar', 6, 5),
(349, 'El-escape-de-los-ratones', 'El escape de los ratones', 43, 6),
(350, 'El-raton-que-salta-chueco', 'El ratón que salta chueco', 41, 2),
(351, 'Compactacion-de-archivos', 'Compactación de archivos', 33, 0),
(352, 'gato-familias-ratones', 'El gato y las familias de ratones', 40, 6),
(353, 'Compresion-de-cadenas', 'Compresión de cadenas', 32, 2),
(354, 'El-gato-y-los-ratones', 'El gato y los ratones', 38, 12),
(355, 'archivos-fragmentados', 'Leyendo archivos fragmentados', 28, 0),
(356, 'Lectura-y-escritura-de-datos', 'Lectura y escritura de datos', 25, 1),
(357, 'El-cuervo-y-la-jarra', 'El cuervo y la jarra', 15, 5),
(358, 'Conversion-a-decimal', 'Conversión a decimal', 8, 12),
(359, 'cadenas-iguales', 'Identificar cadenas iguales', 24, 2),
(360, 'El-zorro-y-las-uvas', 'El zorro y las uvas', 15, 4),
(361, 'caracteres_subcadenas', 'Aparición de caracteres en subcadenas', 31, 2),
(362, 'Horarios-empalmados', 'Horarios empalmados', 43, 2),
(363, 'Torneo-de-listas-ordenadas', 'Torneo de listas ordenadas', 29, 1),
(364, 'interminable-mermelada', 'La interminable mermelada de naranja', 40, 5),
(365, 'Guardias-de-la-Reina-Roja', 'La fila de guardias de la Reina Roja', 38, 11),
(366, 'suma-de-la-Reina-Roja', 'El juego de la suma de la Reina Roja', 15, 10),
(367, 'aldp', ' Alicia y las llaves doradas de las puertas', 15, 1),
(368, 'Repartiendo-cachorros', 'Repartiendo cachorros', 3, 11),
(369, 'Orden-grado-lexicografico', 'Órden grado-lexicográfico', 48, 0),
(370, 'Numeros-australianos', 'Números australianos', 13, 0),
(371, 'Nodos-visitados-de-un-arbol', 'Nodos visitados de un árbol', 20, 10),
(372, 'Enteros-distintos', 'Enteros distintos', 16, 0),
(373, 'Conjunto', 'Conjunto', 52, 9),
(374, 'Las-guirnaldas-de-margaritas', 'Las guirnaldas de margaritas', 35, 2),
(375, 'El-baile-de-las-langostas', 'El baile de las langostas', 43, 1),
(376, 'El-peligroso-cachorro-saltarin', 'El peligroso cachorro saltarín', 40, 9),
(377, 'Alicia-y-el-estante-desordenado', 'Alicia y el estante desordenado', 10, 9),
(378, 'Preorden-de-un-arbol', 'Preorden de un árbol', 20, 1),
(379, 'La-loca-mesa-del-te', 'La loca mesa del té', 17, 16),
(380, 'Pociones-y-pastelillos', 'Pociones y pastelillos', 17, 15),
(381, 'La-loca-hora-del-te', 'La loca hora del té', 8, 32),
(382, 'Alicia-y-las-frases-volteadas', 'No es lo mismo', 8, 31),
(383, 'Alicia-y-los-cambios-de-tamano', 'Bébeme y cómeme', 5, 50),
(384, 'Alicia-y-la-llave-dorada', 'La llave dorada', 8, 29),
(385, 'Alicia-y-los-animales-mojados', 'Alicia y los animales mojados', 12, 9),
(386, 'Alicia-y-el-cachorro-saltarin', 'Alicia y el cachorro saltarín', 6, 6),
(387, 'Alicia-y-la-carrera-de-animales', 'Alicia y la carrera de animales', 3, 8),
(388, 'Alicia-y-la-mermelada-de-naranja', 'Alicia y la mermelada de naranja', 5, 18),
(389, 'Evaluar-polinomios', 'Evaluar polinomios', 10, 4),
(390, 'Reverso', 'Reverso', 6, 2),
(391, 'Divisores-positivos', 'Divisores positivos', 5, 2),
(392, 'Triangulo-equilatero', 'Triángulo equilátero', 4, 5),
(393, 'La-especie-dominante-en-marte', 'La especie dominante en Marte', 47, 0),
(394, 'Clasificador-de-SPAM', 'Detector de spam', 45, 0),
(395, 'Ordenamiento-topologico', 'Ordenamiento topológico', 21, 12),
(396, 'Cuenta-de-prefijos', 'Cuenta de prefijos', 31, 0),
(397, 'lsp', 'Laberinto salvajemente peligroso', 41, 4),
(398, 'La-poblacion-de-marcianos-verdes', 'La población de marcianos verdes', 13, 2),
(399, 'Sak', 'Sak!', 8, 28),
(400, 'audencia_salon_marciano', 'La audiencia en el salón marciano', 41, 1),
(401, 'jerarquia_soldados_marcianos', 'La jerarquía de soldados marcianos', 20, 9),
(402, 'El-burro-de-James-Powell', 'El burro de James Powell', 40, 8),
(403, 'Los-bebes-marcianos', 'Los bebés marcianos', 17, 14),
(404, 'El-banco', 'El banco', 9, 1),
(405, 'Letras', 'Letras', 8, 14),
(406, 'Producto-de-matrices', 'Producto de matrices', 7, 2),
(407, 'Mezcla-de-numeros', 'Mezcla de números', 14, 8),
(408, 'ventanas_dormitorio_marciano', 'Las ventanas del dormitorio marciano', 15, 9),
(409, 'El-peloton-de-soldados-marcianos', 'El pelotón de soldados marcianos', 8, 27),
(410, 'El-extrano-paisaje-de-Marte', 'El extraño paisaje de Marte', 12, 14),
(411, 'Saltando-hacia-la-pared', 'Saltando hacia la pared', 41, 0),
(412, 'Secuencias-saltarinas', 'Secuencias saltarinas', 14, 9),
(413, 'Primos-gemelos', 'Primos gemelos', 5, 36),
(414, 'Triangulos-isosceles', 'Triángulos isósceles', 5, 51),
(415, 'Los-changos-marcianos', 'Los simios marcianos', 38, 7),
(416, 'La-Medida-del-Tiempo', 'La Medida del Tiempo', 3, 13),
(417, 'Interseccion-de-Cuadrados', 'Intersección de Rectángulos', 4, 39),
(418, 'La-fila-de-indios-en-la-cornisa', 'La fila de indios en la cornisa', 37, 10),
(419, 'cactus_horizonte', 'El cactus más alto en el horizonte', 14, 1),
(420, 'johncartercactus', 'John Carter y los cactus del desierto', 15, 6),
(421, 'La-edad-de-John-Carter', 'La edad de John Carter', 5, 7),
(422, 'El-caballo-de-John-Carter', 'El caballo de John Carter', 8, 1),
(423, 'burro', 'El burro cargador de Powell', 6, 29),
(424, 'Suma-de-vectores', 'Suma de vectores', 6, 4),
(425, 'Prismas-rotados', 'Prismas rotados', 4, 21),
(426, 'Pares-e-impares', 'Pares e impares', 5, 1),
(427, 'sopaletras', 'Sopa de letras', 8, 21),
(428, 'subterraneo-camino-shamash', ' El subterráneo camino de Shamash', 6, 23),
(429, 'camino-subterraneo-shamash', ' El camino subterráneo de Shamash', 5, 45),
(430, 'uruk', 'Las ciudades vecinas a Uruk', 21, 10),
(431, 'busenkidu', 'La búsqueda de Enkidu', 21, 9),
(432, 'conremos', 'La construcción de los remos de Gilgamesh', 21, 6),
(433, 'lapizlazuli', ' El cofre y la tablilla de lapizlázuli', 4, 22),
(434, 'gigantes', 'La destrucción de los gigantes de piedra', 14, 10),
(435, 'idea', 'El algoritmo IDEA', 50, 0),
(436, 'arboles', 'Los árboles del Bosque de los Cedros', 20, 3),
(437, 'montanas', 'Las montañas destruidas por Gilgamesh', 14, 5),
(438, 'corazas', 'Las corazas interminables de Humbaba', 17, 3),
(439, 'soldados', 'Los soldados reclutados por Gilgamesh', 17, 10),
(440, 'grupos', 'Los grupos reclutados por Gilgamesh', 17, 11),
(441, 'Las-hachas-de-Gilgamesh-y-Enkidu', 'Las hachas de Gilgamesh y Enkidu', 3, 1),
(442, 'frutos', 'Los frutos del árbol cornalina', 13, 1),
(443, 'aguas', 'Las aguas de la muerte', 5, 31),
(444, 'Los-arboles-del-bosque-de-cedros', 'Los árboles cortados del bosque de cedros', 40, 7),
(445, 'Los-ratones-de-Uruk', 'Los ratones de Uruk', 14, 3),
(446, 'Generando-rectangulos', 'Generando rectángulos', 5, 52),
(447, 'SupermercadoDificil', 'Supermercado Difícil', 10, 8),
(448, 'Supermercado', 'Supermercado', 10, 5),
(449, 'muralla_humbaba', 'La muralla interminable de Humbaba', 8, 26),
(450, 'toro', 'El toro celeste de Ishtar', 5, 30),
(451, 'remos', 'Los remos faltantes de Urshanabí', 14, 4),
(452, 'rama', 'La rama cristalina de Mashu', 12, 13),
(453, 'fila', 'La fila de guerreros de Uruk', 18, 3),
(454, 'barca', 'La barca cúbica de Shuripak', 3, 21),
(455, 'see', 'Soluciones enteras de una ecuación', 5, 60),
(456, 'snc', 'Sumas de números consecutivos', 5, 59),
(457, 'sec', 'Soluciones enteras de una ecuación cuadrática', 4, 30),
(458, 'ozz', 'Ordenamiento en zig zag', 6, 22),
(459, 'jdl', 'Juego de letras', 8, 18),
(460, 'cdc', 'Cuadrados de colores', 7, 18),
(461, 'sjc', 'Simulando un juego de cartas', 6, 30),
(462, 'rbn', 'Rectángulos blancos y negros', 7, 17),
(463, 'Numeros-en-binario-al-reves', 'Números en binario al revés', 8, 25),
(464, 'ddc', 'Diferencias de cuadrados', 5, 58),
(465, 'sdc', 'Sumas de dos cuadrados', 5, 57),
(466, 'med', 'Matriz con entradas en diagonal', 7, 12),
(467, 'efr', 'Extremos de una función racional', 5, 56),
(468, 'dbn', 'Dos bases numéricas', 8, 20),
(469, 'tpi', 'Triángulos de lados pares e impares', 5, 55),
(470, 'shv', 'Segmentos horizontales y verticales', 4, 41),
(471, 'nmd', 'Números menores que dos mil', 8, 19),
(472, 'mee', 'Matriz con entradas en espiral', 7, 11),
(473, 'Extremos-de-una-funcion-cubica', 'Extremos de una función cúbica', 5, 49),
(474, 'pdt', 'Puntos dentro de un triángulo', 5, 53),
(475, 'ocp', 'Operaciones con una pila', 17, 2),
(476, 'ecd', 'Escribiendo con un dedo', 8, 16),
(477, 'sdp', 'Suma de potencias', 6, 28),
(478, 'sed', 'Sistema de ecuaciones diofantinas', 4, 31),
(479, 'aph', 'Acomodando una pila de hotcakes', 41, 6),
(480, 'nre', 'Números reflejados en el espejo', 37, 9),
(481, 'eye', 'Euclides y Euler', 51, 5),
(482, 'mbg', 'Matrices binarias giradas', 7, 14),
(483, 'rda', 'Recuperación de aminoácidos ', 8, 15),
(484, 'mbp', 'Menor base para palíndromo', 8, 23),
(485, 'bpb', 'Boletos por besos', 5, 29),
(486, 'air', 'Área de la intersección de dos rectángulos', 4, 40),
(487, 'scm', 'Secuencia creciente máxima', 35, 1),
(488, 'dme', 'Documentos de marcado equilibrados', 17, 1),
(489, 'ppd', 'Prefijos de palabras de diccionarios', 31, 1),
(490, 'cmiuam', 'Consultando el máximo en un intervalo', 51, 6),
(491, 'nbf', 'Números en base Fibonacci', 6, 26),
(492, 'amt', 'Área máxima de un trapecio', 4, 42),
(493, 'gjg', 'Ganador del juego de gato', 7, 1),
(494, 'tdt', 'Tarifas de taxi', 5, 54),
(495, 'bce', 'Bajo el cielo estrellado', 6, 27),
(496, 'cbs', 'Cola bancaria de la suerte', 19, 4),
(497, 'svc', 'Sumando volúmenes de cubos', 7, 15),
(498, 'spi', 'Segmentos con puntos intermedios', 6, 21),
(499, 'abm', 'Año bisiesto marciano', 4, 32),
(500, 'dem', 'Detectando empalme de materias', 10, 7),
(501, 'pdn', 'Prueba del nueve', 8, 22),
(502, 'vrl', 'Verificando rectángulos latinos', 7, 0);

-- --------------------------------------------------------

--
-- Estructura de tabla para la tabla `tags`
--

CREATE TABLE `tags` (
  `id` int(11) NOT NULL,
  `clave` varchar(75) NOT NULL,
  `traduccion` text NOT NULL,
  `orden` int(11) NOT NULL DEFAULT '0'
) ENGINE=InnoDB DEFAULT CHARSET=utf8;

--
-- Volcado de datos para la tabla `tags`
--

INSERT INTO `tags` (`id`, `clave`, `traduccion`, `orden`) VALUES
(1, 'problemTagInputAndOutput', 'Entrada y salida', 0),
(2, 'problemTagArithmetic', 'Cálculos aritméticos', 1),
(3, 'problemTagConditionals', 'Toma de decisiones', 2),
(4, 'problemTagLoops', 'Ciclos', 3),
(5, 'problemTagArrays', 'Arreglos', 4),
(6, 'problemTagMatrices', 'Matrices', 5),
(7, 'problemTagCharsAndStrings', 'Caracteres y cadenas', 6),
(8, 'problemTagFormattedInputAndOutput', 'Entrada y salida con presentación', 7),
(9, 'problemTagImplementation', 'Implementación', 8),
(10, 'problemTagBruteForce', 'Fuerza bruta', 9),
(11, 'problemTagRecursion', 'Recursión', 10),
(12, 'problemTagExponentiationBySquaring', 'Exponenciación binaria', 11),
(13, 'problemTagSorting', 'Ordenamiento', 12),
(14, 'problemTagBinarySearch', 'Búsqueda binaria', 13),
(15, 'problemTagExponentialSearch', 'Salto exponencial', 14),
(16, 'problemTagStacks', 'Pilas', 15),
(17, 'problemTagQueues', 'Colas', 16),
(18, 'problemTagLinkedLists', 'Listas enlazadas', 17),
(19, 'problemTagInvertedIndices', 'Índices invertidos', 18),
(20, 'problemTagHeaps', 'Montículos', 19),
(21, 'problemTagSetsMultisets', 'Conjuntos y multiconjuntos', 20),
(22, 'problemTagBinarySearchTree', 'Árboles binarios de búsqueda', 21),
(23, 'problemTagTreeTransversal', 'Recorridos en árboles', 22),
(24, 'problemTagGraphRepresentation', 'Representación de gráficas', 23),
(25, 'problemTagGraphConnectivity', 'Conexidad en gráficas', 24),
(26, 'problemTagDirectedGraphs', 'Gráficas dirigidas', 25),
(27, 'problemTagGraphsWithNegativeWeights', 'Gráficas con pesos negativos', 26),
(28, 'problemTagShortestPaths', 'Caminos más cortos', 27),
(29, 'problemTagMinimumSpanningTrees', 'Árboles abarcadores', 28),
(30, 'problemTagTopologicalSorting', 'Ordenamiento topológico', 29),
(31, 'problemTagDisjointSets', 'Conjuntos disjuntos', 30),
(32, 'problemTagBitManipulation', 'Manipulación de bits', 31),
(33, 'problemTagDataCompression', 'Compresión de datos', 32),
(34, 'problemTagBigData', 'Procesamiento de datos masivos', 33),
(35, 'problemTagBreadthFirstSearch', 'Búsqueda en amplitud', 34),
(36, 'problemTagDepthFirstSearch', 'Búsqueda en profundidad', 35),
(37, 'problemTagBacktracking', 'Búsqueda con retroceso', 36),
(38, 'problemTagLocalSearch', 'Búsqueda local', 37),
(39, 'problemTagMemorization', 'Memorización', 38),
(40, 'problemTagGreedyAlgorithms', 'Algoritmos glotones', 39),
(41, 'problemTagDivideAndConquer', 'Divide y vencerás', 40),
(42, 'problemTagDynamicProgramming', 'Programación dinámica', 41),
(43, 'problemTagMeetInTheMiddle', 'Método de las dos mitades', 42),
(44, 'problemTagSubArraySearch', 'Búsqueda de subarreglos', 43),
(45, 'problemTagStringMatching', 'Búsqueda de subcadenas', 44),
(46, 'problemTagSubsequenceSearch', 'Búsqueda de subsecuencias', 45),
(47, 'problemTagPalindromeAlgorithms', 'Palíndromos', 46),
(48, 'problemTagAnalyticGeometry', 'Geometría analítica', 47),
(49, 'problemTagSystemsOfEquations', 'Sistemas de ecuaciones', 48),
(50, 'problemTagGCDAndLCM', 'Múltiplos y divisores comunes', 49),
(51, 'problemTagModularArithmetic', 'Aritmética modular', 50),
(52, 'problemTagModularMultiplicativeInverse', 'Inverso modular', 51),
(53, 'problemTagPermutations', 'Permutaciones', 52),
(54, 'problemTagCombinations', 'Combinaciones', 53),
(55, 'problemTagDivisibilityRules', 'Reglas de divisibilidad', 54),
(56, 'problemTagCountingProblems', 'Problemas de conteo', 55),
(57, 'problemTagCombinatorialDesigns', 'Diseños combinatorios', 56),
(58, 'problemTagGameTheory', 'Teoría de juegos', 57),
(59, 'problemTagNumberTheory', 'Teoría de números', 58),
(60, 'problemTagPrimalityTest', 'Pruebas de primalidad', 59),
(61, 'problemTagPrimeGeneration', 'Generación de primos', 60),
(62, 'problemTagPrimeFactorization', 'Factorización prima', 61),
(63, 'problemTagFourierTransformation', 'Transformada de Fourier', 62),
(64, 'problemTagBooleanAlgebra', 'Lógica y álgebra booleana', 63),
(65, 'problemTagBigNumbers', 'Números grandes', 64),
(66, 'problemTagConvexHull', 'Cerco convexo', 65),
(67, 'problemTagNearestNeighbors', 'Vecinos más cercanos', 66),
(68, 'problemTagProbabilityAndStatistics', 'Probabilidad y estadística', 67),
(69, 'problemTagSlidingWindow', 'Ventana deslizante', 68),
(70, 'problemTagSegmentTrees', 'Árboles de segmentos', 69),
(71, 'problemTagTries', 'Árboles de prefijos', 70),
(72, 'problemTagSuffixTrees', 'Árboles de sufijos', 71),
(73, 'problemTagFenwickTrees', 'Árboles de Fenwick', 72),
(74, 'problemTagSQRTDecomposition', 'Descomposición SQRT', 73),
(75, 'problemTagLazyPropagation', 'Evaluación perezosa', 74),
(76, 'problemTagOfflineQueries', 'Peticiones fuera de línea', 75),
(77, 'problemTagBipartiteMatching', 'Acoplamiento bipartito', 76),
(78, 'problemTagMaxFlow', 'Flujo máximo', 77),
(79, 'problemTagLexingAndParsing', 'Análisis léxico-sintáctico', 78),
(80, 'problemTagHeuristics', 'Heurísticas', 79),
(81, 'problemTagPartialSums', 'Acumulación parcial', 80),
(82, 'problemTagAnalysisOfRecurrences', 'Análisis de recurrencias', 81),
(83, 'problemTagUnformattedInputAndOutput', 'Entrada y salida sin formato', 82),
(84, 'problemTagFileSeeking', 'Posicionamiento en archivos', 83),
(85, 'problemTagTrees', 'Gráficas acíclicas (árboles)', 84),
(86, 'problemTagGeneticAlgorithms', 'Algoritmos genéticos', 85),
(87, 'problemTagLeastCommonAncestor', 'Ancestro común en árboles', 86),
(88, 'problemTagSweepLine', 'Barrido del plano', 87),
(89, 'problemTagIncrementalSearch', 'Búsqueda incremental', 88),
(90, 'problemTagHashing', 'Dispersión', 89),
(91, 'problemTagDiophantineEquations', 'Ecuaciones diofánticas', 90),
(92, 'problemTagFunctions', 'Funciones', 91),
(93, 'problemTagParticleSwarmOptimization', 'Optimización de partículas', 92),
(94, 'problemTagMonotoneStack', 'Pila monótona', 93),
(95, 'problemTagNumericalSeries', 'Series numéricas', 94),
(96, 'problemTagSimulation', 'Simulación', 95),
(97, 'problemTagChineseRemainderTheorem', 'Teorema chino del residuo', 96),
(98, 'problemTagTwoPointersTechnique', 'Técnica de dos apuntadores', 97),
(99, 'problemTagWaveletTrees', 'Árboles Wavelet', 98),
(100, 'problemTagLinearSearch', 'Búsqueda lineal', 99);

-- --------------------------------------------------------

--
-- Estructura de tabla para la tabla `tags_problema`
--

CREATE TABLE `tags_problema` (
  `problema` int(11) NOT NULL,
  `tag` int(11) NOT NULL
) ENGINE=InnoDB DEFAULT CHARSET=utf8;

--
-- Volcado de datos para la tabla `tags_problema`
--

INSERT INTO `tags_problema` (`problema`, `tag`) VALUES
(36, 1),
(103, 1),
(128, 1),
(149, 1),
(184, 1),
(227, 1),
(251, 1),
(278, 1),
(294, 1),
(329, 1),
(345, 1),
(355, 1),
(447, 1),
(448, 1),
(4, 2),
(6, 2),
(11, 2),
(12, 2),
(13, 2),
(17, 2),
(21, 2),
(25, 2),
(35, 2),
(39, 2),
(43, 2),
(48, 2),
(71, 2),
(72, 2),
(73, 2),
(77, 2),
(80, 2),
(83, 2),
(84, 2),
(88, 2),
(100, 2),
(103, 2),
(116, 2),
(128, 2),
(137, 2),
(138, 2),
(143, 2),
(149, 2),
(159, 2),
(166, 2),
(169, 2),
(181, 2),
(183, 2),
(186, 2),
(187, 2),
(201, 2),
(217, 2),
(227, 2),
(232, 2),
(236, 2),
(238, 2),
(240, 2),
(243, 2),
(246, 2),
(247, 2),
(251, 2),
(254, 2),
(256, 2),
(257, 2),
(258, 2),
(259, 2),
(260, 2),
(261, 2),
(262, 2),
(263, 2),
(296, 2),
(297, 2),
(298, 2),
(299, 2),
(300, 2),
(305, 2),
(306, 2),
(309, 2),
(311, 2),
(314, 2),
(318, 2),
(319, 2),
(320, 2),
(325, 2),
(337, 2),
(338, 2),
(347, 2),
(348, 2),
(358, 2),
(368, 2),
(381, 2),
(387, 2),
(389, 2),
(391, 2),
(404, 2),
(406, 2),
(414, 2),
(416, 2),
(421, 2),
(422, 2),
(428, 2),
(441, 2),
(446, 2),
(448, 2),
(450, 2),
(454, 2),
(455, 2),
(457, 2),
(464, 2),
(465, 2),
(467, 2),
(469, 2),
(473, 2),
(483, 2),
(485, 2),
(486, 2),
(492, 2),
(494, 2),
(499, 2),
(5, 3),
(6, 3),
(7, 3),
(19, 3),
(21, 3),
(34, 3),
(43, 3),
(59, 3),
(65, 3),
(68, 3),
(75, 3),
(77, 3),
(80, 3),
(81, 3),
(98, 3),
(99, 3),
(102, 3),
(110, 3),
(123, 3),
(126, 3),
(133, 3),
(134, 3),
(136, 3),
(137, 3),
(138, 3),
(143, 3),
(144, 3),
(149, 3),
(156, 3),
(158, 3),
(159, 3),
(179, 3),
(181, 3),
(183, 3),
(184, 3),
(185, 3),
(187, 3),
(200, 3),
(202, 3),
(224, 3),
(229, 3),
(230, 3),
(232, 3),
(246, 3),
(247, 3),
(248, 3),
(250, 3),
(252, 3),
(253, 3),
(254, 3),
(255, 3),
(257, 3),
(259, 3),
(263, 3),
(265, 3),
(296, 3),
(297, 3),
(305, 3),
(306, 3),
(308, 3),
(314, 3),
(317, 3),
(318, 3),
(320, 3),
(325, 3),
(330, 3),
(331, 3),
(337, 3),
(340, 3),
(346, 3),
(348, 3),
(373, 3),
(388, 3),
(392, 3),
(393, 3),
(404, 3),
(405, 3),
(414, 3),
(417, 3),
(425, 3),
(426, 3),
(428, 3),
(433, 3),
(446, 3),
(455, 3),
(457, 3),
(467, 3),
(469, 3),
(470, 3),
(473, 3),
(478, 3),
(486, 3),
(492, 3),
(494, 3),
(497, 3),
(499, 3),
(4, 4),
(5, 4),
(8, 4),
(37, 4),
(54, 4),
(65, 4),
(67, 4),
(68, 4),
(70, 4),
(71, 4),
(75, 4),
(83, 4),
(98, 4),
(99, 4),
(100, 4),
(101, 4),
(104, 4),
(105, 4),
(110, 4),
(114, 4),
(116, 4),
(133, 4),
(136, 4),
(138, 4),
(143, 4),
(144, 4),
(146, 4),
(156, 4),
(158, 4),
(168, 4),
(169, 4),
(170, 4),
(177, 4),
(179, 4),
(180, 4),
(181, 4),
(182, 4),
(184, 4),
(186, 4),
(187, 4),
(198, 4),
(200, 4),
(201, 4),
(205, 4),
(207, 4),
(217, 4),
(222, 4),
(229, 4),
(230, 4),
(231, 4),
(232, 4),
(233, 4),
(234, 4),
(236, 4),
(237, 4),
(238, 4),
(240, 4),
(241, 4),
(242, 4),
(243, 4),
(244, 4),
(251, 4),
(265, 4),
(288, 4),
(289, 4),
(294, 4),
(295, 4),
(296, 4),
(303, 4),
(305, 4),
(306, 4),
(307, 4),
(308, 4),
(309, 4),
(317, 4),
(318, 4),
(320, 4),
(321, 4),
(328, 4),
(329, 4),
(337, 4),
(339, 4),
(347, 4),
(357, 4),
(358, 4),
(381, 4),
(383, 4),
(388, 4),
(391, 4),
(393, 4),
(404, 4),
(405, 4),
(406, 4),
(413, 4),
(414, 4),
(421, 4),
(422, 4),
(426, 4),
(428, 4),
(429, 4),
(433, 4),
(443, 4),
(450, 4),
(455, 4),
(456, 4),
(464, 4),
(465, 4),
(466, 4),
(467, 4),
(468, 4),
(469, 4),
(471, 4),
(473, 4),
(484, 4),
(485, 4),
(491, 4),
(494, 4),
(497, 4),
(498, 4),
(500, 4),
(501, 4),
(12, 5),
(17, 5),
(42, 5),
(44, 5),
(45, 5),
(48, 5),
(55, 5),
(59, 5),
(62, 5),
(68, 5),
(87, 5),
(89, 5),
(98, 5),
(99, 5),
(100, 5),
(107, 5),
(134, 5),
(170, 5),
(199, 5),
(200, 5),
(216, 5),
(220, 5),
(223, 5),
(228, 5),
(229, 5),
(231, 5),
(237, 5),
(238, 5),
(247, 5),
(278, 5),
(289, 5),
(294, 5),
(296, 5),
(306, 5),
(321, 5),
(333, 5),
(338, 5),
(345, 5),
(348, 5),
(355, 5),
(357, 5),
(363, 5),
(381, 5),
(385, 5),
(386, 5),
(389, 5),
(390, 5),
(404, 5),
(419, 5),
(423, 5),
(424, 5),
(433, 5),
(458, 5),
(459, 5),
(461, 5),
(476, 5),
(477, 5),
(491, 5),
(495, 5),
(498, 5),
(500, 5),
(502, 5),
(65, 6),
(110, 6),
(138, 6),
(142, 6),
(146, 6),
(167, 6),
(239, 6),
(264, 6),
(295, 6),
(307, 6),
(308, 6),
(310, 6),
(337, 6),
(355, 6),
(384, 6),
(406, 6),
(410, 6),
(427, 6),
(460, 6),
(462, 6),
(466, 6),
(472, 6),
(482, 6),
(493, 6),
(497, 6),
(502, 6),
(19, 7),
(24, 7),
(27, 7),
(28, 7),
(31, 7),
(50, 7),
(54, 7),
(56, 7),
(60, 7),
(61, 7),
(62, 7),
(70, 7),
(86, 7),
(87, 7),
(105, 7),
(133, 7),
(143, 7),
(144, 7),
(146, 7),
(147, 7),
(174, 7),
(204, 7),
(218, 7),
(233, 7),
(235, 7),
(240, 7),
(253, 7),
(266, 7),
(268, 7),
(277, 7),
(288, 7),
(293, 7),
(294, 7),
(302, 7),
(303, 7),
(305, 7),
(316, 7),
(321, 7),
(345, 7),
(353, 7),
(355, 7),
(358, 7),
(361, 7),
(381, 7),
(382, 7),
(384, 7),
(397, 7),
(399, 7),
(405, 7),
(422, 7),
(427, 7),
(430, 7),
(434, 7),
(437, 7),
(440, 7),
(447, 7),
(449, 7),
(459, 7),
(463, 7),
(468, 7),
(471, 7),
(476, 7),
(483, 7),
(484, 7),
(488, 7),
(500, 7),
(501, 7),
(57, 8),
(67, 8),
(101, 8),
(104, 8),
(133, 8),
(226, 8),
(227, 8),
(356, 8),
(377, 8),
(389, 8),
(500, 8),
(115, 9),
(147, 9),
(157, 9),
(198, 9),
(268, 9),
(304, 9),
(310, 9),
(355, 9),
(377, 9),
(383, 9),
(398, 9),
(403, 9),
(461, 9),
(494, 9),
(22, 10),
(194, 10),
(271, 10),
(446, 10),
(492, 10),
(498, 10),
(9, 11),
(13, 11),
(42, 11),
(44, 11),
(51, 11),
(86, 11),
(117, 11),
(130, 11),
(172, 11),
(176, 11),
(189, 11),
(190, 11),
(198, 11),
(221, 11),
(274, 11),
(281, 11),
(287, 11),
(289, 11),
(313, 11),
(344, 11),
(370, 11),
(442, 11),
(442, 12),
(1, 13),
(6, 13),
(25, 13),
(28, 13),
(34, 13),
(53, 13),
(72, 13),
(73, 13),
(74, 13),
(76, 13),
(79, 13),
(82, 13),
(124, 13),
(140, 13),
(141, 13),
(143, 13),
(147, 13),
(150, 13),
(170, 13),
(175, 13),
(193, 13),
(216, 13),
(219, 13),
(220, 13),
(226, 13),
(235, 13),
(239, 13),
(247, 13),
(249, 13),
(267, 13),
(278, 13),
(310, 13),
(312, 13),
(327, 13),
(332, 13),
(343, 13),
(351, 13),
(356, 13),
(362, 13),
(363, 13),
(367, 13),
(407, 13),
(418, 13),
(419, 13),
(433, 13),
(434, 13),
(437, 13),
(445, 13),
(451, 13),
(36, 14),
(49, 14),
(76, 14),
(82, 14),
(85, 14),
(127, 14),
(139, 14),
(150, 14),
(216, 14),
(219, 14),
(270, 14),
(310, 14),
(312, 14),
(326, 14),
(343, 14),
(349, 14),
(351, 14),
(357, 14),
(360, 14),
(361, 14),
(366, 14),
(367, 14),
(372, 14),
(374, 14),
(408, 14),
(412, 14),
(420, 14),
(443, 14),
(3, 16),
(32, 16),
(63, 16),
(69, 16),
(115, 16),
(169, 16),
(342, 16),
(373, 16),
(380, 16),
(403, 16),
(438, 16),
(475, 16),
(488, 16),
(3, 17),
(27, 17),
(29, 17),
(32, 17),
(55, 17),
(56, 17),
(63, 17),
(69, 17),
(178, 17),
(342, 17),
(379, 17),
(439, 17),
(440, 17),
(496, 17),
(32, 18),
(148, 18),
(168, 18),
(173, 18),
(205, 18),
(208, 18),
(341, 18),
(453, 18),
(294, 19),
(355, 19),
(361, 19),
(372, 19),
(2, 20),
(33, 20),
(78, 20),
(154, 20),
(171, 20),
(278, 20),
(496, 20),
(2, 21),
(27, 21),
(38, 22),
(56, 22),
(66, 22),
(156, 22),
(304, 22),
(336, 22),
(345, 22),
(371, 22),
(378, 22),
(401, 22),
(436, 22),
(333, 23),
(378, 23),
(436, 23),
(30, 24),
(147, 24),
(203, 24),
(273, 24),
(323, 24),
(335, 24),
(430, 24),
(431, 24),
(432, 24),
(26, 25),
(23, 26),
(215, 26),
(395, 26),
(20, 28),
(58, 28),
(151, 28),
(154, 28),
(203, 28),
(324, 28),
(203, 29),
(430, 29),
(215, 30),
(395, 30),
(206, 31),
(432, 31),
(271, 32),
(335, 32),
(353, 32),
(435, 32),
(463, 32),
(31, 33),
(214, 33),
(353, 33),
(10, 34),
(16, 34),
(24, 34),
(47, 34),
(52, 34),
(165, 34),
(167, 34),
(213, 34),
(268, 34),
(270, 34),
(278, 34),
(20, 35),
(58, 35),
(145, 35),
(152, 35),
(195, 35),
(269, 35),
(273, 35),
(350, 35),
(397, 35),
(400, 35),
(411, 35),
(479, 35),
(432, 36),
(95, 37),
(119, 37),
(120, 37),
(125, 37),
(188, 37),
(191, 37),
(192, 37),
(212, 37),
(279, 37),
(282, 37),
(283, 37),
(284, 37),
(288, 37),
(354, 37),
(365, 37),
(415, 37),
(152, 38),
(334, 38),
(91, 39),
(92, 39),
(93, 39),
(94, 39),
(106, 39),
(117, 39),
(172, 39),
(176, 39),
(189, 39),
(190, 39),
(274, 39),
(281, 39),
(289, 39),
(344, 39),
(365, 39),
(370, 39),
(108, 40),
(141, 40),
(193, 40),
(267, 40),
(272, 40),
(276, 40),
(349, 40),
(362, 40),
(375, 40),
(91, 41),
(92, 41),
(93, 41),
(94, 41),
(95, 41),
(96, 41),
(97, 41),
(106, 41),
(112, 41),
(118, 41),
(119, 41),
(120, 41),
(121, 41),
(122, 41),
(125, 41),
(140, 41),
(155, 41),
(190, 41),
(280, 41),
(285, 41),
(286, 41),
(288, 41),
(290, 41),
(291, 41),
(292, 41),
(418, 41),
(480, 41),
(22, 42),
(106, 42),
(109, 42),
(112, 42),
(113, 42),
(117, 42),
(118, 42),
(151, 42),
(153, 42),
(174, 42),
(197, 42),
(211, 42),
(275, 42),
(277, 42),
(291, 42),
(323, 42),
(352, 42),
(364, 42),
(374, 42),
(376, 42),
(402, 42),
(444, 42),
(161, 44),
(487, 44),
(197, 46),
(202, 47),
(484, 47),
(18, 48),
(21, 48),
(73, 48),
(139, 48),
(217, 48),
(315, 48),
(330, 48),
(451, 48),
(474, 48),
(492, 48),
(158, 49),
(478, 49),
(116, 50),
(474, 50),
(478, 50),
(7, 51),
(311, 51),
(391, 51),
(421, 51),
(435, 51),
(191, 53),
(194, 53),
(283, 53),
(409, 53),
(369, 54),
(15, 56),
(30, 56),
(106, 56),
(180, 56),
(149, 58),
(478, 59),
(481, 59),
(177, 60),
(188, 60),
(313, 60),
(317, 60),
(413, 60),
(245, 61),
(481, 62),
(271, 64),
(288, 65),
(394, 68),
(135, 69),
(141, 69),
(160, 69),
(316, 69),
(452, 69),
(90, 70),
(155, 70),
(162, 70),
(163, 70),
(209, 70),
(490, 70),
(49, 71),
(396, 71),
(489, 71),
(196, 72),
(162, 73),
(163, 73),
(164, 73),
(322, 73),
(164, 74),
(490, 74),
(163, 75),
(209, 75),
(164, 76),
(213, 76),
(210, 77),
(301, 80),
(394, 80),
(127, 81),
(135, 81),
(139, 81),
(199, 81),
(225, 81),
(315, 81),
(410, 81),
(452, 81),
(460, 81),
(97, 82),
(121, 82),
(129, 82),
(131, 82),
(132, 82),
(189, 82),
(287, 82),
(40, 83),
(41, 83),
(46, 83),
(165, 83),
(266, 83),
(270, 83),
(278, 83),
(356, 83),
(10, 84),
(24, 84),
(36, 84),
(40, 84),
(41, 84),
(165, 84),
(266, 84),
(270, 84),
(278, 84),
(351, 84),
(64, 85),
(111, 85),
(147, 85),
(327, 85),
(333, 85),
(38, 87),
(14, 90),
(47, 90),
(50, 90),
(56, 90),
(66, 90),
(89, 90),
(293, 90),
(304, 90),
(316, 90),
(359, 90),
(21, 92),
(35, 92),
(37, 92),
(39, 92),
(70, 92),
(71, 92),
(116, 92),
(142, 92),
(185, 92),
(207, 92),
(217, 92),
(247, 92),
(303, 92),
(330, 92),
(409, 92),
(484, 92),
(492, 92),
(18, 96),
(75, 96),
(495, 96),
(1, 100),
(9, 100),
(42, 100),
(45, 100),
(220, 100),
(348, 100),
(382, 100);

-- --------------------------------------------------------

--
-- Estructura de tabla para la tabla `temas`
--

CREATE TABLE `temas` (
  `id` int(11) NOT NULL,
  `nombre` varchar(64) NOT NULL,
  `uea` int(11) NOT NULL,
  `orden` int(11) NOT NULL DEFAULT '0'
) ENGINE=InnoDB DEFAULT CHARSET=utf8;

--
-- Volcado de datos para la tabla `temas`
--

INSERT INTO `temas` (`id`, `nombre`, `uea`, `orden`) VALUES
(1, 'Sin clasificación', 1, 9),
(2, 'Entrada y salida', 1, 0),
(3, 'Cálculos aritméticos', 1, 1),
(4, 'Toma de decisiones', 1, 2),
(5, 'Ciclos', 1, 3),
(6, 'Arreglos', 1, 4),
(7, 'Matrices', 1, 5),
(8, 'Caracteres y cadenas', 1, 6),
(9, 'Estructuras', 1, 7),
(10, 'Entrada y salida con presentación', 1, 8),
(11, 'Sin clasificación', 2, 10),
(12, 'Algoritmia y eficiencia', 2, 0),
(13, 'Recursión', 2, 1),
(14, 'Ordenamiento', 2, 2),
(15, 'Búsqueda binaria', 2, 3),
(16, 'Memoria dinámica', 2, 4),
(17, 'Pilas y colas', 2, 5),
(18, 'Listas enlazadas', 2, 6),
(19, 'Montículos', 2, 7),
(20, 'Árboles de búsqueda', 2, 8),
(21, 'Gráficas', 2, 9),
(22, 'Sin clasificación', 3, 11),
(23, 'Almacenamiento primario y cachés', 3, 0),
(24, 'Dispersión', 3, 1),
(25, 'Entrada y salida sin formato', 3, 2),
(26, 'Almacenamiento externo', 3, 3),
(27, 'Posicionamiento en archivos', 3, 4),
(28, 'Fragmentación de datos', 3, 5),
(29, 'Ordenamiento externo', 3, 6),
(30, 'Búsqueda externa', 3, 7),
(31, 'Manipulación de cadenas', 3, 8),
(32, 'Compresión de datos', 3, 9),
(33, 'Mantenimiento de registros y compactación', 3, 10),
(34, 'Sin clasificación', 4, 10),
(35, 'Análisis de correctitud y complejidad', 4, 0),
(36, 'Recursión y ecuaciones de recurrencia', 4, 1),
(37, 'Divide y vencerás', 4, 2),
(38, 'Búsqueda con retroceso', 4, 3),
(39, 'Recursión con memorización', 4, 4),
(40, 'Programación dinámica', 4, 5),
(41, 'Búsqueda en amplitud', 4, 6),
(42, 'Búsqueda local', 4, 7),
(43, 'Algoritmos glotones', 4, 8),
(44, 'Problemas NP-Completos', 4, 9),
(45, 'Sin clasificación', 5, 0),
(46, 'Sin clasificación', 6, 0),
(47, 'Sin clasificación', 7, 0),
(48, 'Sin clasificación', 8, 0),
(49, 'Sin clasificación', 9, 0),
(50, 'Sin clasificación', 10, 0),
(51, 'Sin clasificación', 11, 0),
(52, 'Sin clasificación', 12, 0);

-- --------------------------------------------------------

--
-- Estructura de tabla para la tabla `ueas`
--

CREATE TABLE `ueas` (
  `id` int(11) NOT NULL,
  `nombre` varchar(64) NOT NULL,
  `orden` int(11) NOT NULL DEFAULT '0'
) ENGINE=InnoDB DEFAULT CHARSET=utf8;

--
-- Volcado de datos para la tabla `ueas`
--

INSERT INTO `ueas` (`id`, `nombre`, `orden`) VALUES
(1, 'Programación Estructurada', 0),
(2, 'Algoritmos y Estructuras de Datos', 1),
(3, 'Almacenamiento y Estructuras de Archivos', 2),
(4, 'Análisis y Diseño de Algoritmos', 3),
(5, 'Inteligencia artificial', 4),
(6, 'Inteligencia computacional', 5),
(7, 'Big Data', 6),
(8, 'Combinatoria', 7),
(9, 'Compiladores', 8),
(10, 'Criptografía', 9),
(11, 'Taller de Análisis y Diseño de Algoritmos', 10),
(12, 'Otros cursos', 11);

--
-- Índices para tablas volcadas
--

--
-- Indices de la tabla `problemas`
--
ALTER TABLE `problemas`
  ADD PRIMARY KEY (`id`),
  ADD UNIQUE KEY `alias` (`alias`),
  ADD KEY `tema` (`tema`);

--
-- Indices de la tabla `tags`
--
ALTER TABLE `tags`
  ADD PRIMARY KEY (`id`),
  ADD UNIQUE KEY `clave` (`clave`);

--
-- Indices de la tabla `tags_problema`
--
ALTER TABLE `tags_problema`
  ADD UNIQUE KEY `problema` (`problema`,`tag`),
  ADD KEY `tag` (`tag`);

--
-- Indices de la tabla `temas`
--
ALTER TABLE `temas`
  ADD PRIMARY KEY (`id`),
  ADD UNIQUE KEY `nombre` (`nombre`,`uea`),
  ADD KEY `uea` (`uea`);

--
-- Indices de la tabla `ueas`
--
ALTER TABLE `ueas`
  ADD PRIMARY KEY (`id`),
  ADD UNIQUE KEY `nombre` (`nombre`);

--
-- AUTO_INCREMENT de las tablas volcadas
--

--
-- AUTO_INCREMENT de la tabla `problemas`
--
ALTER TABLE `problemas`
  MODIFY `id` int(11) NOT NULL AUTO_INCREMENT, AUTO_INCREMENT=503;
--
-- AUTO_INCREMENT de la tabla `tags`
--
ALTER TABLE `tags`
  MODIFY `id` int(11) NOT NULL AUTO_INCREMENT, AUTO_INCREMENT=101;
--
-- AUTO_INCREMENT de la tabla `temas`
--
ALTER TABLE `temas`
  MODIFY `id` int(11) NOT NULL AUTO_INCREMENT, AUTO_INCREMENT=53;
--
-- AUTO_INCREMENT de la tabla `ueas`
--
ALTER TABLE `ueas`
  MODIFY `id` int(11) NOT NULL AUTO_INCREMENT, AUTO_INCREMENT=13;
--
-- Restricciones para tablas volcadas
--

--
-- Filtros para la tabla `problemas`
--
ALTER TABLE `problemas`
  ADD CONSTRAINT `problemas_ibfk_1` FOREIGN KEY (`tema`) REFERENCES `temas` (`id`);

--
-- Filtros para la tabla `tags_problema`
--
ALTER TABLE `tags_problema`
  ADD CONSTRAINT `tags_problema_ibfk_1` FOREIGN KEY (`problema`) REFERENCES `problemas` (`id`) ON DELETE CASCADE,
  ADD CONSTRAINT `tags_problema_ibfk_2` FOREIGN KEY (`tag`) REFERENCES `tags` (`id`);

--
-- Filtros para la tabla `temas`
--
ALTER TABLE `temas`
  ADD CONSTRAINT `temas_ibfk_1` FOREIGN KEY (`uea`) REFERENCES `ueas` (`id`);
COMMIT;

/*!40101 SET CHARACTER_SET_CLIENT=@OLD_CHARACTER_SET_CLIENT */;
/*!40101 SET CHARACTER_SET_RESULTS=@OLD_CHARACTER_SET_RESULTS */;
/*!40101 SET COLLATION_CONNECTION=@OLD_COLLATION_CONNECTION */;
